{
  "version": "7",
  "dialect": "mysql",
  "entries": [
    {
      "idx": 0,
      "version": "5",
      "when": 1761865810112,
      "tag": "0000_wet_joseph",
      "breakpoints": true
    },
    {
      "idx": 1,
      "version": "5",
      "when": 1761865943356,
      "tag": "0001_romantic_kat_farrell",
      "breakpoints": true
    },
    {
      "idx": 2,
      "version": "5",
      "when": 1761870338065,
      "tag": "0002_polite_khan",
      "breakpoints": true
    },
    {
      "idx": 3,
      "version": "5",
      "when": 1761955318766,
      "tag": "0003_bored_marten_broadcloak",
      "breakpoints": true
    },
    {
      "idx": 4,
      "version": "5",
      "when": 1761955366071,
      "tag": "0004_nifty_doorman",
      "breakpoints": true
    },
    {
      "idx": 5,
      "version": "5",
      "when": 1761956370916,
      "tag": "0005_last_corsair",
      "breakpoints": true
    }
  ]
}